Occurance,TotalNum,GPT4o-mini_eng_ori,GPT4o-mini_eng_ftby1k,GPT4o-mini_eng_ftby2k,GPT4o-mini_eng_ftby5k,GPT4o-mini_eng_ftby10k,LLaMA3.1-8B_eng_ori,LLaMA3.1-8B_eng_ftby1k,LLaMA3.1-8B_eng_ftby2k,LLaMA3.1-8B_eng_ftby5k,LLaMA3.1-8B_eng_ftby10k
0,10000,97.24172518,98.74,99.61,99.88,99.93,91.07053276,94.56837051,98.47459339,98.84,98.2
1,57940,97.14429118,99.25957887,97.29892993,99.73248188,99.77390404,92.05582394,97.67618521,98.04681364,98.49844667,99.076631
2,14123,51.3013796,94.7532394,98.37145082,98.57678963,98.67591871,25.18318276,83.51983003,89.43917908,91.40409261,82.68073356
3,2271,16.1934339,85.8652576,80.84544254,94.23161603,96.82959049,4.148278906,38.52928225,37.48894783,40.20255394,51.60722149
4,259,1.568627451,71.81467181,48.64864865,88.41698842,96.91119691,0.772200772,6.177606178,3.891050584,2.316602317,1.544401544
5,22,9.090909091,40.90909091,9.090909091,68.18181818,90.90909091,0,0,0,0,0
6,1,0,0,0,0,0,0,0,0,0,0
