Occurance,TotalNum,GPT4o-mini_spa_ori,GPT4o-mini_spa_ftby1k,GPT4o-mini_spa_ftby2k,GPT4o-mini_spa_ftby5k,GPT4o-mini_spa_ftby10k,LLaMA3.1-8B_spa_ori,LLaMA3.1-8B_spa_ftby1k,LLaMA3.1-8B_spa_ftby2k,LLaMA3.1-8B_spa_ftby5k,LLaMA3.1-8B_spa_ftby10k
0,10000,97.58769726,97.14857429,99.58,99.86,99.88,91.50830166,98.18,99.40982295,99.55,99.16
1,54341,97.99208668,99.51946091,98.17633095,99.84174012,99.85094128,90.36164535,98.49653116,98.84031293,99.17189599,99.40744558
2,16113,59.3282882,95.9826141,98.94495128,98.69670452,98.96977596,42.55028557,86.90498355,93.02080099,95.30193012,85.27896729
3,3469,35.95342067,90.19607843,85.8748919,92.82213894,97.78034016,13.06228374,52.55116748,53.70423753,44.47967714,66.15739406
4,516,14.61988304,88.95348837,72.48062016,93.21705426,98.8372093,1.744186047,9.302325581,5.813953488,0.775193798,0.775193798
5,51,4.081632653,74.50980392,47.05882353,70.58823529,98.03921569,0,0,0,0,0
6,2,0,50,0,0,50,0,0,0,0,0
