Occurance,TotalNum,GPT4o-mini_spa_ori,GPT4o-mini_spa_ftby1k,GPT4o-mini_spa_ftby2k,GPT4o-mini_spa_ftby5k,GPT4o-mini_spa_ftby10k,LLaMA3.1-8B_spa_ori,LLaMA3.1-8B_spa_ftby1k,LLaMA3.1-8B_spa_ftby2k,LLaMA3.1-8B_spa_ftby5k,LLaMA3.1-8B_spa_ftby10k,Gemma2-9B_spa_ori,Gemma2-9B_spa_ftby1k,Gemma2-9B_spa_ftby2k,Gemma2-9B_spa_ftby5k,Gemma2-9B_spa_ftby10k,Mistral-7B_spa_ori,Mistral-7B_spa_ftby1k,Mistral-7B_spa_ftby2k,Mistral-7B_spa_ftby5k,Mistral-7B_spa_ftby10k
0,10000,97.58769726,97.14857429,99.58,99.86,99.88,91.50830166,97.11,97.82,97.86,98.18,92.57628814,92.75637819,92.89644822,92.97719088,92.75710284,92.56479536,96.06882065,97.04970497,97.39973997,97.76
1,54341,97.99208668,99.51946091,98.17633095,99.84174012,99.85094128,90.36164535,95.84843856,96.59925287,97.37214994,97.41263503,93.04136522,93.3340697,93.51079693,93.10103632,93.5059915,92.59845709,91.65500994,91.62817233,93.00476655,93.29971844
2,16113,59.3282882,95.9826141,98.94495128,98.69670452,98.96977596,42.55028557,73.44380314,76.74548501,78.97349966,80.43194936,30.55383087,29.78393145,28.94573451,30.12601651,29.03966727,22.23671948,61.41712724,69.52635173,71.79837358,75.21876745
3,3469,35.95342067,90.19607843,85.8748919,92.82213894,97.78034016,13.06228374,30.6140098,25.45402133,26.03055636,26.37647737,15.61327561,14.71861472,14.11255411,14.74747475,13.73737374,2.366522367,13.41604155,17.32987313,17.30103806,24.24329778
4,516,14.61988304,88.95348837,72.48062016,93.21705426,98.8372093,1.744186047,1.744186047,0.775193798,0.581395349,0.968992248,1.162790698,1.162790698,0.968992248,1.162790698,0.968992248,0.19379845,2.325581395,3.100775194,2.519379845,3.100775194
5,51,4.081632653,74.50980392,47.05882353,70.58823529,98.03921569,0,0,0,0,0,7.843137255,7.843137255,5.882352941,5.882352941,5.882352941,0,0,0,0,0
6,2,0,50,0,0,50,0,0,0,0,0,0,0,0,0,0,0,0,0,0,0
