Occurance,TotalNum,GPT4o-mini_eng_ori,GPT4o-mini_eng_ftby1k,GPT4o-mini_eng_ftby2k,GPT4o-mini_eng_ftby5k,GPT4o-mini_eng_ftby10k,LLaMA3.1-8B_eng_ori,LLaMA3.1-8B_eng_ftby1k,LLaMA3.1-8B_eng_ftby2k,LLaMA3.1-8B_eng_ftby5k,LLaMA3.1-8B_eng_ftby10k,Gemma2-9B_eng_ori,Gemma2-9B_eng_ftby1k,Gemma2-9B_eng_ftby2k,Gemma2-9B_eng_ftby5k,Gemma2-9B_eng_ftby10k,Mistral-7B_eng_ori,Mistral-7B_eng_ftby1k,Mistral-7B_eng_ftby2k,Mistral-7B_eng_ftby5k,Mistral-7B_eng_ftby10k
1,57940,97.14429118,99.25957887,97.29892993,99.73248188,99.77390404,92.05582394,94.26529485,95.25683513,96.43596824,96.47393856,92.49844474,92.74738571,92.9594994,92.53228232,92.91059608,89.6480832,88.55006648,88.06202086,89.47150402,89.47323
2,14123,51.3013796,94.7532394,98.37145082,98.57678963,98.67591871,25.18318276,65.84743962,69.20461789,73.49713234,75.42306875,23.17125035,22.68699043,22.10720363,23.03382739,22.09854661,21.79523539,50.42141795,57.76203966,63.16646605,66.53685478
3,2271,16.1934339,85.8652576,80.84544254,94.23161603,96.82959049,4.148278906,27.30074857,24.87890797,24.65874064,27.30074857,6.487202118,5.825242718,5.651214128,6.004415011,5.648720212,1.19047619,8.201058201,12.41743725,15.4117129,21.92866579
4,259,1.568627451,71.81467181,48.64864865,88.41698842,96.91119691,0.772200772,1.158301158,0.386100386,1.158301158,1.544401544,0.386100386,0,0,0,0,0.387596899,1.167315175,1.162790698,2.316602317,3.474903475
5,22,9.090909091,40.90909091,9.090909091,68.18181818,90.90909091,0,0,0,0,0,0,0,0,0,0,0,0,0,0,0
6,1,0,0,0,0,0,0,0,0,0,0,0,0,0,0,0,0,0,0,0,0
